{"chunk_definitions":[{"row":336,"row_count":1,"visible":true,"expansion_state":0,"options":{"engine":"r","label":"unnamed-chunk-12","dev":"png"},"document_id":"FA857CAE","chunk_id":"cb4t23vayjj01","chunk_label":"metrics results"},{"row":348,"row_count":1,"visible":true,"expansion_state":0,"options":{"engine":"r","label":"unnamed-chunk-19","dev":"png"},"document_id":"FA857CAE","chunk_id":"cvse0frdi4lf4","chunk_label":"normalize variable"},{"row":353,"row_count":1,"visible":true,"expansion_state":0,"options":{"engine":"r","label":"unnamed-chunk-20","dev":"png"},"document_id":"FA857CAE","chunk_id":"csdp8qfucb0l5","chunk_label":"normalize variable results"},{"row":366,"row_count":1,"visible":true,"expansion_state":0,"options":{"engine":"r","label":"unnamed-chunk-21","dev":"png"},"document_id":"FA857CAE","chunk_id":"c0i9iae9g93da","chunk_label":"normalize dataset"},{"row":374,"row_count":1,"visible":true,"expansion_state":0,"options":{"engine":"r","label":"unnamed-chunk-23","dev":"png"},"document_id":"FA857CAE","chunk_id":"c96ztf6kwcyk8","chunk_label":"normalize dataset results"},{"row":384,"row_count":1,"visible":true,"expansion_state":0,"options":{"engine":"r","label":"unnamed-chunk-28","dev":"png"},"document_id":"FA857CAE","chunk_id":"cgfhtu3eofbqr","chunk_label":"estandarizar variable"},{"row":389,"row_count":1,"visible":true,"expansion_state":0,"options":{"engine":"r","label":"unnamed-chunk-29","dev":"png"},"document_id":"FA857CAE","chunk_id":"ch69n5asirgxv","chunk_label":"resultados estandarizar variable"},{"row":402,"row_count":1,"visible":true,"expansion_state":0,"options":{"engine":"r","label":"unnamed-chunk-30","dev":"png"},"document_id":"FA857CAE","chunk_id":"czocmws2frdj3","chunk_label":"estandarizar dataset"},{"row":410,"row_count":1,"visible":true,"expansion_state":0,"options":{"engine":"r","label":"unnamed-chunk-32","dev":"png"},"document_id":"FA857CAE","chunk_id":"c42tgm1u7i0k8","chunk_label":"estandarizar dataset results"},{"row":459,"row_count":1,"visible":true,"expansion_state":0,"options":{"engine":"r","label":"unnamed-chunk-33","dev":"png"},"document_id":"FA857CAE","chunk_id":"cytlx3f5cxk99","chunk_label":"filtrado"},{"row":469,"row_count":1,"visible":true,"expansion_state":0,"options":{"engine":"r","label":"unnamed-chunk-43","dev":"png"},"document_id":"FA857CAE","chunk_id":"c12dvkh1zzy6f","chunk_label":"filtrado resultados"},{"row":529,"row_count":1,"visible":true,"expansion_state":0,"options":{"engine":"r","label":"unnamed-chunk-44","dev":"png"},"document_id":"FA857CAE","chunk_id":"c7ceq5b06cw6o","chunk_label":"correlación"},{"row":539,"row_count":1,"visible":true,"expansion_state":0,"options":{"engine":"r","label":"unnamed-chunk-45","dev":"png"},"document_id":"FA857CAE","chunk_id":"c67a9y3kfa2dh","chunk_label":"correlación resultados"},{"row":563,"row_count":1,"visible":true,"expansion_state":0,"options":{"engine":"r","label":"unnamed-chunk-48","dev":"png"},"document_id":"FA857CAE","chunk_id":"c5lswyx4qfzmk","chunk_label":"plot auc"},{"row":569,"row_count":1,"visible":true,"expansion_state":0,"options":{"engine":"r","label":"unnamed-chunk-49","dev":"png"},"document_id":"FA857CAE","chunk_id":"c41yaguzmasph","chunk_label":"resutlados auc"}],"doc_write_time":1730380841,"working_dir":null,"default_chunk_options":{"echo":true},"chunk_rendered_width":400}