"0","calcular_correlacion_mutua <- function(dataset) {"
"0","  n <- ncol(dataset)"
"0","  correlacion_matriz <- matrix(0, ncol = n, nrow = n)"
"0","  colnames(correlacion_matriz) <- names(dataset)"
"0","  rownames(correlacion_matriz) <- names(dataset)"
"0",""
"0","  for (i in 1:n) {"
"0","    for (j in i:n) {"
"0","      if (class(dataset[[i]])==""numeric"" && class(dataset[[j]])==""numeric"") {"
"0","        # Calcular correlación de Pearson manualmente para variables continuas"
"0","        correlacion_matriz[i, j] <- calcular_pearson(dataset[[i]], dataset[[j]])"
"0","      } else if (class(dataset[[i]])==""factor"" && class(dataset[[j]])==""factor"") {"
"0","        # Calcular información mutua para variables categóricas"
"0","        correlacion_matriz[i, j] <- informacion_mutua(dataset[[i]], dataset[[j]])"
"0","      }"
"0","      correlacion_matriz[j, i] <- correlacion_matriz[i, j]  # Matriz simétrica"
"0","    }"
"0","  }"
"0","  return(correlacion_matriz)"
"0","}"
"0",""
"0","informacion_mutua <- function(x, y) {"
"0","  valores_x <- unique(x)"
"0","  valores_y <- unique(y)"
"0","  n <- length(x)"
"0","  info_mutua <- 0"
"0",""
"0","  # Calcular las frecuencias conjuntas y marginales"
"0","  for (vx in valores_x) {"
"0","    for (vy in valores_y) {"
"0","      p_xy <- sum(x == vx & y == vy) / n"
"0","      p_x <- sum(x == vx) / n"
"0","      p_y <- sum(y == vy) / n"
"0",""
"0","      if (p_xy > 0) {"
"0","        info_mutua <- info_mutua + p_xy * log2(p_xy / (p_x * p_y) + 1e-10)"
"0","      }"
"0","    }"
"0","  }"
"0","  return(info_mutua)"
"0","}"
"0",""
"0","# Función para calcular la correlación de Pearson"
"0","calcular_pearson <- function(x, y) {"
"0","  n <- length(x)"
"0","  media_x <- sum(x) / n"
"0","  media_y <- sum(y) / n"
"0","  covarianza <- sum((x - media_x) * (y - media_y))"
"0","  desviacion_x <- sqrt(sum((x - media_x)^2))"
"0","  desviacion_y <- sqrt(sum((y - media_y)^2))"
"0",""
"0","  correlacion <- covarianza / (desviacion_x * desviacion_y)"
"0","  return(correlacion)"
"0","}"
