"0","filtrar_dataset <- function (dataset, clase_bin = NULL, metric = ""entropia"", condition = "">1""){"
"0","  condition <- strsplit(condition,"""")"
"0","  operador <- match.fun(condition[[1]][1])"
"0","  valor <-  as.numeric(paste(condition[[1]][2:length(condition[[1]])], collapse = """"))"
"0","  results <- metrics(dataset, clase_bin)"
"0","  columnas <- c()"
"0","  count <- 1"
"0",""
"0","  if (metric == ""entropia""){"
"0","    entropias <- results$entropy$value"
"0","    col <- results$entropy$col"
"0","    for (e in entropias){"
"0","      if (operador(e, valor)){"
"0","        columnas <- c(columnas, col[count])"
"0","      }"
"0","      count <- count + 1"
"0","    }"
"0","  }"
"0",""
"0","  else if (metric == ""AUC""){"
"0","    AUC <- results$auc$value$AUC"
"0","    col <- results$auc$col"
"0","    for (a in AUC){"
"0","      if (operador(a, valor)){"
"0","        columnas <- c(columnas, col[count])"
"0","      }"
"0","      count <- count + 1"
"0","    }"
"0","  }"
"0",""
"0","  else if (metric == ""varianza""){"
"0","    varianza <- results$varianza$value"
"0","    col <- results$varianza$col"
"0","    for (v in varianza){"
"0","      if (operador(v, valor)){"
"0","        columnas <- c(columnas, col[count])"
"0","      }"
"0","      count <- count + 1"
"0","    }"
"0","  }"
"0",""
"0","  dataset_filtrado <- as.matrix(dataset[,columnas])"
"0",""
"0","  return(dataset_filtrado)"
"0","}"
