"0","plot_auc <- function(atributo, clase_bin){"
"0","  # Crear un data.frame para graficar la curva ROC"
"0","  # Instala y carga corrplot si es necesario"
"0","  if(!require(ggplot2)) install.packages(""ggplot2"")"
"0","  library(ggplot2)"
"0",""
"0","  data_auc <- matrix(0, nrow = nrow(as.matrix(atributo)), ncol = 2)"
"0","  data_auc[,1] <- atributo"
"0","  data_auc[,2] <- as.matrix(clase_bin)"
"0","  resultado <- auc_function(data_auc)"
"0",""
"0","  roc_data <- data.frame(FPR = resultado$FPR, TPR = resultado$TPR)"
"0",""
"0","  # Graficar la curva ROC"
"0","  ggplot(roc_data, aes(x = FPR, y = TPR)) +"
"0","    geom_line(color = ""blue"") +"
"0","    xlim(0, 1) + ylim(0, 1) +"
"0","    labs(title = ""Curva ROC"", x = ""Tasa de Falsos Positivos (FPR)"", y = ""Tasa de Verdaderos Positivos (TPR)"")"
"0","}"
